timestamp,battery_voltage,pm_state,pos_x,pos_y,pos_z
1789723147.642,0.00,0,0.002,-0.016,0.015
1789723147.748,0.00,0,0.002,-0.016,0.016
1789723147.855,0.00,0,0.002,-0.016,0.022
1789723147.979,0.00,0,0.002,-0.016,0.030
1789723148.073,0.00,0,0.002,-0.016,0.036
1789723148.196,0.00,0,0.002,-0.016,0.044
1789723148.289,0.00,0,0.002,-0.016,0.048
1789723148.395,4.20,0,0.002,-0.016,0.054
1789723148.503,4.20,0,0.002,-0.016,0.060
1789723148.614,4.20,0,0.002,-0.016,0.068
1789723148.720,4.20,0,0.002,-0.016,0.078
1789723148.829,4.20,0,0.002,-0.016,0.088
1789723148.937,4.20,0,0.002,-0.016,0.100
1789723149.045,4.20,0,0.002,-0.016,0.114
1789723149.152,4.20,0,0.002,-0.016,0.132
1789723149.256,4.20,0,0.002,-0.016,0.150
1789723149.364,4.20,0,0.002,-0.016,0.173
1789723149.475,4.20,0,0.002,-0.016,0.198
1789723149.582,4.20,0,0.002,-0.016,0.226
1789723149.688,4.20,0,0.002,-0.016,0.253
1789723149.801,4.20,0,0.002,-0.016,0.284
1789723149.910,4.20,0,0.002,-0.016,0.317
1789723150.018,4.20,0,0.002,-0.016,0.349
1789723150.123,4.20,0,0.002,-0.016,0.380
1789723150.232,4.20,0,0.002,-0.016,0.410
1789723150.336,4.20,0,0.002,-0.016,0.435
1789723150.443,4.20,0,0.002,-0.016,0.456
1789723150.553,4.20,0,0.002,-0.016,0.476
1789723150.659,4.20,0,0.002,-0.016,0.495
1789723150.765,4.20,0,0.002,-0.016,0.510
1789723150.873,4.20,0,0.002,-0.016,0.523
1789723150.978,4.20,0,0.002,-0.016,0.535
1789723151.084,4.20,0,0.002,-0.016,0.545
1789723151.193,4.20,0,0.002,-0.016,0.551
1789723151.300,4.20,0,0.002,-0.016,0.555
1789723151.407,4.20,0,0.002,-0.016,0.558
1789723151.514,4.20,0,0.002,-0.016,0.558
1789723151.624,4.20,0,0.002,-0.016,0.558
1789723151.729,4.20,0,0.002,-0.016,0.557
1789723151.835,4.20,0,0.002,-0.016,0.555
1789723151.949,4.20,0,0.002,-0.016,0.553
1789723152.051,4.20,0,0.002,-0.016,0.550
1789723152.162,4.20,0,0.002,-0.016,0.548
1789723152.267,4.20,0,0.002,-0.016,0.545
1789723152.375,4.20,0,0.002,-0.016,0.543
1789723152.483,4.20,0,0.002,-0.016,0.541
1789723152.594,4.20,0,0.002,-0.016,0.538
1789723152.698,4.20,0,0.002,-0.016,0.536
1789723152.805,4.20,0,0.002,-0.016,0.534
1789723152.921,4.20,0,0.002,-0.016,0.532
1789723153.019,4.20,0,0.002,-0.016,0.530
1789723153.126,4.20,0,0.002,-0.017,0.529
1789723153.232,4.20,0,0.002,-0.017,0.527
1789723153.339,4.20,0,0.002,-0.016,0.526
1789723153.448,4.20,0,0.002,-0.016,0.525
1789723153.551,4.20,0,0.002,-0.016,0.524
1789723153.673,4.20,0,0.002,-0.016,0.523
1789723153.769,4.20,0,0.002,-0.016,0.522
1789723153.874,4.20,0,0.002,-0.016,0.521
1789723153.981,4.20,0,0.002,-0.017,0.520
1789723154.087,4.20,0,0.002,-0.017,0.519
1789723154.207,4.20,0,0.002,-0.017,0.519
1789723154.307,4.20,0,0.002,-0.016,0.518
1789723154.413,4.20,0,0.002,-0.016,0.517
1789723154.520,4.20,0,0.002,-0.016,0.516
1789723154.628,4.20,0,0.002,-0.017,0.516
1789723154.733,4.20,0,0.002,-0.017,0.515
1789723154.836,4.20,0,0.002,-0.017,0.515
1789723154.943,4.20,0,0.002,-0.017,0.514
1789723155.049,4.20,0,0.002,-0.017,0.513
1789723155.157,4.20,0,0.002,-0.017,0.513
1789723155.263,4.20,0,0.002,-0.017,0.512
1789723155.372,4.20,0,0.002,-0.017,0.512
1789723155.477,4.20,0,0.002,-0.017,0.511
1789723155.588,4.20,0,0.002,-0.017,0.511
1789723155.694,4.20,0,0.002,-0.017,0.510
1789723155.801,4.20,0,0.002,-0.017,0.510
1789723155.907,4.20,0,0.002,-0.017,0.509
1789723156.011,4.20,0,0.002,-0.017,0.509
1789723156.122,4.20,0,0.002,-0.017,0.509
1789723156.222,4.20,0,0.002,-0.017,0.508
1789723156.330,4.20,0,0.002,-0.017,0.508
1789723156.437,4.20,0,0.002,-0.017,0.508
1789723156.546,4.20,0,0.002,-0.017,0.507
1789723156.656,4.20,0,0.002,-0.017,0.507
1789723156.767,4.20,0,0.002,-0.017,0.507
1789723156.868,4.20,0,0.002,-0.017,0.506
1789723156.975,4.20,0,0.002,-0.017,0.506
1789723157.079,4.20,0,0.002,-0.017,0.506
1789723157.183,4.20,0,0.002,-0.017,0.505
1789723157.291,4.20,0,0.002,-0.017,0.505
1789723157.399,4.20,0,0.002,-0.017,0.505
1789723157.506,4.20,0,0.002,-0.017,0.505
1789723157.613,4.20,0,0.002,-0.017,0.505
1789723157.716,4.20,0,0.002,-0.017,0.504
1789723157.825,4.20,0,0.002,-0.017,0.504
1789723157.933,4.20,0,0.002,-0.017,0.504
1789723158.037,4.20,0,0.002,-0.017,0.504
1789723158.145,4.20,0,0.002,-0.017,0.504
1789723158.255,4.20,0,0.002,-0.017,0.503
1789723158.365,4.20,0,0.003,-0.017,0.503
1789723158.472,4.20,0,0.003,-0.017,0.503
1789723158.577,4.20,0,0.002,-0.017,0.503
1789723158.686,4.20,0,0.002,-0.017,0.503
1789723158.794,4.20,0,0.002,-0.017,0.503
1789723158.904,4.20,0,0.002,-0.017,0.502
1789723159.014,4.20,0,0.002,-0.017,0.502
1789723159.126,4.20,0,0.002,-0.017,0.502
1789723159.240,4.20,0,0.002,-0.017,0.502
1789723159.346,4.20,0,0.002,-0.017,0.502
1789723159.453,4.20,0,0.002,-0.017,0.502
1789723159.563,4.20,0,0.002,-0.017,0.502
1789723159.668,4.20,0,0.002,-0.017,0.502
1789723159.781,4.20,0,0.002,-0.017,0.502
1789723159.883,4.20,0,0.002,-0.017,0.501
1789723159.987,4.20,0,0.002,-0.017,0.501
1789723160.098,4.20,0,0.002,-0.017,0.501
1789723160.204,4.20,0,0.002,-0.017,0.501
1789723160.313,4.20,0,0.002,-0.017,0.501
1789723160.427,4.20,0,0.002,-0.017,0.501
1789723160.534,4.20,0,0.002,-0.017,0.501
1789723160.649,4.20,0,0.002,-0.017,0.501
1789723160.751,4.20,0,0.002,-0.017,0.501
1789723160.856,4.20,0,0.002,-0.017,0.501
1789723160.965,4.20,0,0.002,-0.017,0.501
1789723161.075,4.20,0,0.002,-0.017,0.501
1789723161.188,4.20,0,0.002,-0.017,0.500
1789723161.292,4.20,0,0.002,-0.017,0.499
1789723161.407,4.20,0,0.002,-0.017,0.497
1789723161.511,4.20,0,0.002,-0.017,0.494
1789723161.622,4.20,0,0.002,-0.017,0.490
1789723161.736,4.20,0,0.002,-0.017,0.483
1789723161.842,4.20,0,0.002,-0.017,0.473
1789723161.949,4.20,0,0.002,-0.017,0.463
1789723162.061,4.20,0,0.002,-0.017,0.450
1789723162.166,4.20,0,0.002,-0.017,0.434
1789723162.275,4.20,0,0.002,-0.017,0.415
1789723162.381,4.20,0,0.002,-0.017,0.393
1789723162.483,4.20,0,0.002,-0.017,0.366
1789723162.591,4.20,0,0.002,-0.017,0.339
1789723162.695,4.20,0,0.002,-0.017,0.313
1789723162.806,4.20,0,0.002,-0.017,0.281
1789723162.916,4.20,0,0.002,-0.017,0.247
1789723163.022,4.20,0,0.002,-0.017,0.212
1789723163.132,4.20,0,0.002,-0.017,0.182
1789723163.238,4.20,0,0.002,-0.017,0.157
1789723163.345,4.20,0,0.002,-0.017,0.132
1789723163.458,4.20,0,0.002,-0.017,0.107
1789723163.560,4.20,0,0.002,-0.017,0.089
1789723163.672,4.20,0,0.002,-0.017,0.069
1789723163.776,4.20,0,0.002,-0.017,0.053
1789723163.884,4.20,0,0.002,-0.017,0.036
1789723163.991,4.20,0,0.002,-0.017,-0.007
1789723164.104,4.20,0,0.002,-0.017,-0.025
1789723164.209,4.20,0,0.002,-0.017,-0.017
1789723164.314,4.20,0,0.002,-0.017,-0.003
1789723164.421,4.20,0,0.002,-0.017,0.008
1789723164.528,4.20,0,0.002,-0.017,0.014
